genome,completeness,contamination,length,N50,centrality
GCA_041447095.1.fna,94.78,3.11,2089357,2028072,0.9997000098228456
GCA_045689135.1.fna,99.93,0.31,2385658,2385658,0.9999571357454572
GCA_045689205.1.fna,99.96,0.23,2416592,2416592,0.9990124925971031
GCF_000010425.1.fna,99.98,0.22,2089645,2089645,0.9998999933401743
GCF_000021425.1.fna,99.79,0.23,1933695,1933695,0.999564052967543
GCF_000022965.1.fna,99.85,0.22,1938483,1938483,0.9998033696346069
GCF_000025245.2.fna,99.9,0.22,1944152,1944152,0.9998438197575258
GCF_000092325.1.fna,99.98,0.31,2477838,2477838,0.9998749941587447
GCF_000155395.1.fna,99.95,0.21,2202695,1497472,0.9913500249385834
GCF_000155415.1.fna,99.98,0.11,2480850,476126,0.0
GCF_000156635.1.fna,99.98,0.29,2008208,1728959,0.9998999834060668
GCF_000165905.1.fna,99.94,0.22,2214656,2214656,0.9919785686901638
GCF_000172135.1.fna,99.98,0.56,2642081,2635766,0.9955500066280366
GCF_000196555.1.fna,99.94,0.31,2385164,2385164,0.9999428476606097
GCF_000210755.1.fna,99.96,0.12,2384987,2384987,0.9902999997138976
GCF_000213865.1.fna,99.97,0.05,2327492,2327492,0.9923000037670135
GCF_000220135.1.fna,99.96,0.07,2422684,2422684,0.9998999834060668
GCF_000226175.1.fna,99.98,0.14,2386233,120640,0.991200029850006
GCF_000247755.1.fna,99.93,0.16,2314396,102506,0.9998999834060668
GCF_000269965.1.fna,99.99,1.33,2828958,2828958,0.9999499917030334
GCF_000299595.1.fna,99.79,0.85,2283145,45807,0.99099999666214
GCF_000304215.1.fna,99.99,0.09,2167304,2167304,0.0
GCF_000347695.1.fna,99.98,0.22,2291643,2291643,0.9998999834060668
GCF_000466525.1.fna,99.81,0.21,2201251,210245,0.9945714431149619
GCF_000568955.2.fna,99.94,0.07,2247738,2247738,0.0
GCF_000569075.1.fna,99.97,0.05,2294458,2294458,0.9903499931097031
GCF_000695895.1.fna,99.87,0.29,1931057,1931057,0.9997280956654067
GCF_000737865.1.fna,99.9,0.35,1755151,1755151,0.0
GCF_000771105.1.fna,99.98,1.77,2780321,54700,0.9999249875545502
GCF_000771285.1.fna,99.99,1.07,2389965,150242,0.0
GCF_000800475.2.fna,99.99,0.04,2032698,2032698,0.0
GCF_000817045.1.fna,99.9,0.22,1958651,1958651,0.9998224679003941
GCF_001010915.1.fna,100.0,0.32,2315664,176326,0.0
GCF_001263915.1.fna,99.9,0.1,2480222,156854,0.0
GCF_001263975.1.fna,99.89,0.21,1912453,200471,0.9998213501458757
GCF_001263985.1.fna,99.89,0.21,1912379,200547,0.9997809020321021
GCF_001264055.1.fna,99.96,0.25,1990162,701452,0.0
GCF_001446255.1.fna,99.98,1.42,2340989,2340989,0.9915666778882345
GCF_001446275.1.fna,99.99,0.31,2458004,2458004,0.9908999800682068
GCF_001447955.1.fna,99.98,0.1,2233772,154491,0.9978249967098236
GCF_001685745.1.fna,99.99,0.25,2349925,111423,0.0
GCF_001685765.1.fna,100.0,0.42,2529872,116799,0.0
GCF_001685845.1.fna,99.99,0.26,2614621,115552,0.0
GCF_001685965.1.fna,100.0,0.61,2223124,271737,0.9998000264167786
GCF_001686225.1.fna,99.94,0.07,2449180,92520,0.9998999834060668
GCF_001725985.1.fna,99.99,0.06,2421287,2421287,0.0
GCF_002107925.1.fna,100.0,0.17,2212742,531841,0.9998999834060668
GCF_002706665.1.fna,99.99,0.11,1978157,1978157,0.0
GCF_002761235.1.fna,99.96,0.12,2257294,2246282,0.0
GCF_002838345.1.fna,99.99,0.5,2510381,2510381,0.9901999831199646
GCF_002838465.1.fna,99.95,0.07,2301422,2301422,0.9908500015735626
GCF_003094645.1.fna,99.9,0.35,2229571,35418,0.9997500106692314
GCF_003094735.1.fna,99.88,1.35,2230880,51393,0.9998374953866005
GCF_003094955.1.fna,99.98,0.27,2417279,35857,0.9996444516711764
GCF_003095055.1.fna,99.81,0.26,1928900,201021,0.9998348301716065
GCF_003095075.1.fna,99.83,0.15,1916859,439299,0.9998235936914937
GCF_003095115.1.fna,99.88,0.22,1920582,1021771,0.9998426939664262
GCF_003390755.1.fna,99.56,0.21,1944072,1944072,0.999794376700112
GCF_003671995.1.fna,99.95,0.44,1932687,1932687,0.9999749958515167
GCF_003856735.1.fna,100.0,0.25,2202982,2202982,0.0
GCF_004332745.1.fna,99.95,1.49,2340071,74628,0.991200029850006
GCF_004332825.1.fna,99.97,1.2,2280351,84305,0.9948000013828278
GCF_004332895.1.fna,99.99,1.36,2509624,177716,0.9903500080108643
GCF_004332925.1.fna,99.96,0.34,2234829,64435,0.991100013256073
GCF_004333005.1.fna,100.0,0.09,2394684,319915,0.9998666511641608
GCF_004333165.1.fna,99.98,0.13,2323459,144902,0.99099999666214
GCF_004333205.1.fna,99.95,0.04,2271979,71937,0.0
GCF_004333325.1.fna,99.99,0.14,2508225,107690,0.9955999851226808
GCF_004333515.1.fna,99.99,1.27,2425822,104988,0.0
GCF_004333625.1.fna,99.99,1.35,2437781,96174,0.9901000261306764
GCF_004333715.1.fna,99.99,1.25,2457503,123287,0.0
GCF_004333765.1.fna,99.94,0.91,2253632,76880,0.0
GCF_004333785.1.fna,99.97,1.38,2401154,147308,0.9993000030517578
GCF_004333935.1.fna,99.96,0.2,2448826,79360,0.9962750226259232
GCF_004333995.1.fna,99.99,1.21,2479873,80579,0.0
GCF_004334045.1.fna,99.97,1.4,2484629,91121,0.0
GCF_004334075.1.fna,99.97,1.6,2526769,78633,0.0
GCF_004334215.1.fna,99.98,1.3,2329562,105374,0.9903000295162202
GCF_004334285.1.fna,99.98,1.35,2303629,137425,0.9948000013828278
GCF_004334335.1.fna,99.97,0.19,2389049,152226,1.0
GCF_004334345.1.fna,99.98,1.64,2449960,119753,0.0
GCF_004334355.1.fna,99.9,1.23,2518444,78736,0.9998999834060668
GCF_004334535.1.fna,100.0,0.07,2450141,54028,0.9948999881744385
GCF_004334625.1.fna,99.98,0.03,2368573,104520,0.9998999834060668
GCF_004334635.1.fna,99.98,1.49,2553070,81309,0.0
GCF_004334645.1.fna,99.96,1.23,2457023,129487,0.9993999898433685
GCF_004334715.1.fna,99.98,1.54,2483766,122808,0.0
GCF_004334745.1.fna,99.64,1.02,2301675,199249,0.0
GCF_004334865.1.fna,99.99,0.04,2486893,110734,0.0
GCF_004799295.1.fna,99.96,0.11,2265060,357567,0.9969333211580912
GCF_004802595.1.fna,99.9,0.16,2333831,120544,0.9998999834060668
GCF_004803425.1.fna,99.94,0.59,2731642,135994,0.0
GCF_004919065.2.fna,99.99,0.47,2608223,2608223,0.9999062418937683
GCF_004936435.1.fna,99.99,0.05,2365873,2365873,0.9908000230789183
GCF_005406285.1.fna,99.97,0.08,2414672,2414672,0.9912500083446503
GCF_006538245.1.fna,99.86,0.21,1917421,339970,0.9998370757263698
GCF_006538285.1.fna,99.86,0.22,1910072,339940,0.9997876433843977
GCF_008868415.1.fna,99.88,0.16,2228298,175720,0.9907000064849854
GCF_008868455.1.fna,99.88,0.22,1920179,1021750,0.9998471884245284
GCF_009371885.1.fna,95.25,1.03,2753210,223813,1.0
GCF_009429085.1.fna,99.92,0.46,2452339,2452339,0.9998999834060668
GCF_009832825.1.fna,100.0,0.58,2401766,2401766,0.0
GCF_011764605.1.fna,99.99,0.12,2371107,2371107,0.0
GCF_011770105.1.fna,99.85,0.15,1937197,1937197,0.9998483142156279
GCF_013249115.1.fna,99.98,0.22,2063860,381534,0.9999166627724966
GCF_014524935.1.fna,100.0,0.24,2163875,441467,0.0
GCF_015100215.1.fna,99.96,0.08,2273627,2273627,0.9981400012969971
GCF_015101725.1.fna,99.98,1.12,2467500,2467500,0.0
GCF_015102215.1.fna,99.96,1.84,2821460,2821460,0.0
GCF_016069985.1.fna,99.97,0.17,2231702,348994,0.9907000064849854
GCF_016634435.1.fna,99.92,0.02,2286958,199561,0.9998000264167786
GCF_016648985.1.fna,99.99,0.19,2421612,597006,0.9997333486874899
GCF_017132775.1.fna,99.92,0.61,2403825,2403825,0.9999285595757621
GCF_017299595.1.fna,99.98,1.21,2673222,2673222,0.9998999834060668
GCF_017312545.1.fna,99.92,0.04,2273332,191908,0.9901000261306764
GCF_017312565.1.fna,99.97,1.02,2260497,195315,0.9912999868392944
GCF_017312625.1.fna,99.96,0.04,2382226,199840,0.9908999800682068
GCF_017743155.1.fna,99.99,0.07,2427458,2427458,0.9998999834060668
GCF_018409185.1.fna,99.99,0.05,2354445,203797,0.9955500066280364
GCF_020008065.1.fna,99.88,0.01,2393285,2393285,1.0
GCF_020526125.1.fna,99.99,0.53,2340805,584916,0.0
GCF_020526285.1.fna,99.99,0.49,2285966,1210365,0.9998000264167786
GCF_020526295.1.fna,99.99,0.59,2165410,374287,0.9998000264167786
GCF_020526445.1.fna,99.99,0.5,2175675,387320,0.0
GCF_020526545.1.fna,100.0,0.4,2283183,687068,0.992799997329712
GCF_020526585.1.fna,100.0,0.47,2247926,343082,0.9908000230789183
GCF_020526625.1.fna,99.99,0.3,2157126,651754,0.9912999868392944
GCF_020541905.1.fna,99.99,0.41,2316707,2316707,0.9912999868392944
GCF_020892075.1.fna,99.95,0.17,2149912,2149912,0.9908000081777573
GCF_021018785.1.fna,99.9,0.22,1944152,1944152,0.9998471904336736
GCF_021184065.1.fna,99.93,0.31,2385558,2385558,0.9999571357454572
GCF_023205795.1.fna,99.99,0.47,2604558,2604558,0.9999187476933002
GCF_023205815.1.fna,99.99,0.47,2612005,2612005,0.9999312460422516
GCF_023208075.1.fna,99.99,0.47,2612382,2612382,0.9999125003814697
GCF_023208095.1.fna,99.99,0.47,2604585,2604585,0.9999062493443489
GCF_023208155.1.fna,99.99,0.47,2610477,2610477,0.9998187609016895
GCF_023656765.1.fna,100.0,0.32,2080619,448464,0.0
GCF_024138855.1.fna,100.0,0.28,2172569,2172569,0.0
GCF_024665435.1.fna,99.98,0.06,2336700,2330951,0.9932000041007996
GCF_025289145.1.fna,99.97,0.22,2064046,452379,0.9998999933401743
GCF_025506295.1.fna,99.94,0.28,2199325,197508,0.992135729108538
GCF_026076095.1.fna,99.97,0.23,2180906,462713,0.9907333254814148
GCF_029542645.1.fna,99.9,0.22,1944374,1944374,0.9998089872049482
GCF_029911405.1.fna,100.0,0.14,2370816,189849,0.0
GCF_029911425.1.fna,99.99,0.39,2276115,440592,0.0
GCF_029911435.1.fna,99.99,0.32,2432378,194391,0.0
GCF_029911485.1.fna,99.99,0.15,2366111,214623,0.991866668065389
GCF_029911545.1.fna,99.99,0.11,2349394,158302,0.0
GCF_030511705.1.fna,99.9,0.24,1930160,321479,0.9998258412554023
GCF_033344625.1.fna,99.92,0.01,2338748,199715,0.999833345413208
GCF_033344655.1.fna,99.97,0.85,2591793,164870,0.998408695925837
GCF_033657955.1.fna,99.95,1.3,2711077,213180,0.9998666842778524
GCF_033657985.1.fna,100.0,0.17,2395492,1609469,0.0
GCF_033658185.1.fna,99.97,0.21,2573051,219466,0.9996750056743622
GCF_033658205.1.fna,99.97,0.21,2560895,218921,0.9996999949216843
GCF_033658265.1.fna,99.96,0.12,2405873,108363,0.0
GCF_033658285.1.fna,99.98,1.51,2798442,290332,0.9926913069642108
GCF_033658405.1.fna,99.95,0.1,2205781,67572,0.9900000095367432
GCF_033658445.1.fna,99.98,1.4,2801809,234794,0.9927652244982512
GCF_033658525.1.fna,99.98,0.15,2532578,2526018,0.990500032901764
GCF_033658625.1.fna,99.96,0.09,2394534,188023,0.9908200144767761
GCF_033658685.1.fna,99.98,0.75,2537878,146877,0.9983738997708196
GCF_033658785.1.fna,99.98,0.32,2442881,188332,0.9998666644096375
GCF_033658825.1.fna,99.98,0.75,2537093,162891,0.9984043344207432
GCF_033658845.1.fna,99.99,0.68,2657150,191974,0.999914288520813
GCF_033658885.1.fna,99.95,0.06,2251456,146707,0.9917700171470643
GCF_033658945.1.fna,99.97,0.73,2539459,164272,0.9984130366988804
GCF_033659045.1.fna,99.98,0.58,2496197,97221,0.9998999834060668
GCF_033659105.1.fna,99.97,0.73,2539459,164272,0.9984130366988804
GCF_033659165.1.fna,99.99,0.06,2320142,181305,0.9953800082206726
GCF_033659185.1.fna,99.99,0.06,2314666,231873,0.9999000032742819
GCF_033659205.1.fna,99.92,0.04,2305330,418876,0.9999599933624268
GCF_033659225.1.fna,99.92,0.05,2282080,195842,0.9976999759674072
GCF_033659305.1.fna,99.95,0.05,2291255,203199,0.9955999851226807
GCF_033659365.1.fna,99.97,0.75,2536770,164272,0.9984304282976233
GCF_033659405.1.fna,99.98,0.75,2536263,126425,0.9984173800634302
GCF_033659485.1.fna,99.99,0.1,2346649,238339,0.9951499998569489
GCF_033659545.1.fna,100.0,0.61,2733997,325830,1.0
GCF_033659605.1.fna,100.0,0.07,2362682,148639,0.9969000101089478
GCF_033659905.1.fna,99.97,0.21,2573051,219466,0.9996750056743622
GCF_033804565.1.fna,99.99,0.47,2424867,173641,0.0
GCF_033959405.1.fna,99.87,0.15,2218127,310856,0.9998375028371811
GCF_034561975.1.fna,99.9,0.25,1944144,1944144,0.9998348295018914
GCF_036814245.1.fna,99.99,0.02,2391742,228196,0.0
GCF_037997085.1.fna,99.97,0.03,2409689,2409689,0.9901500046253204
GCF_038022065.1.fna,100.0,0.1,2413349,2413349,0.9998777641190423
GCF_039830185.1.fna,100.0,1.02,2199425,2199425,0.0
GCF_040084745.1.fna,99.88,0.21,1944238,1944238,0.99985280867373
GCF_040150955.1.fna,99.88,0.15,2275644,129542,0.0
GCF_040150975.1.fna,99.98,0.11,2462202,219951,0.9939000010490416
GCF_040151115.1.fna,99.98,0.44,2403492,198062,0.9939000010490416
GCF_041080835.1.fna,98.77,0.39,2470594,2427799,0.9994999766349792
GCF_041447105.1.fna,99.46,0.3,1944287,1944287,0.9996292363391833
GCF_041447125.1.fna,99.96,0.32,2482096,2482096,0.9998999834060668
GCF_041900695.1.fna,100.0,0.04,2433772,128048,0.9942000031471252
GCF_044094625.1.fna,99.99,0.32,2097731,2097731,0.0
GCF_044502405.1.fna,99.89,0.32,1946900,1946900,0.9998539291071088
GCF_045273085.1.fna,99.9,0.12,2185302,2185302,0.9930750131607056
GCF_045286995.1.fna,99.98,0.26,2441403,2441403,0.9989874884486198
GCF_046199715.1.fna,99.99,1.34,2832258,2832258,0.9999416569868723
GCF_047301025.1.fna,99.99,0.07,2313948,2313948,0.9967000186443329
GCF_047716095.1.fna,99.92,0.24,1944140,1944140,0.9998314581560285
GCF_047716125.1.fna,99.9,0.22,1944301,1944301,0.9998426953058565
GCF_047716195.1.fna,99.91,0.2,1944148,1944148,0.9998404477419478
GCF_049191465.1.fna,99.99,0.16,2341502,308535,0.9955500066280364
GCF_049191505.1.fna,99.95,0.13,2306997,38406,0.9918666879336039
GCF_049191855.1.fna,99.98,0.09,2161000,790924,0.0
GCF_049191945.1.fna,100.0,1.05,2348117,273733,0.0
GCF_049204995.1.fna,99.98,0.1,2448218,163635,0.0
GCF_049205235.1.fna,99.91,0.15,2223996,228708,0.9908999800682068
GCF_049205415.1.fna,99.69,0.23,2232558,32267,0.9998999834060668
GCF_049309805.1.fna,100.0,0.41,2273818,443247,0.0
GCF_049309865.1.fna,100.0,0.27,2132103,1371782,0.0
GCF_049310045.1.fna,100.0,0.49,2339500,799026,0.0
GCF_050516145.1.fna,99.97,0.21,2164444,2164444,0.0
GCF_050586025.1.fna,99.92,0.37,2277307,1207654,0.0
GCF_050586125.1.fna,99.97,0.2,2123060,1679046,0.0
GCF_051906195.1.fna,99.99,1.35,2787309,84327,0.9999416569868723
GCF_052784005.1.fna,99.99,0.25,2582071,2582071,0.9966500103473664
GCF_054075085.1.fna,99.99,0.48,2564824,210573,0.9999624975025654
GCF_054111545.1.fna,100.0,0.2,2229164,129386,0.0
GCF_054189165.1.fna,99.93,0.08,2371629,2371629,0.9908000230789183
GCF_054689485.1.fna,99.99,0.23,2234972,2234972,0.0
GCF_054960775.1.fna,99.99,0.08,2448736,2441751,0.0
GCF_054962495.1.fna,99.98,0.22,2089643,2028354,0.9999166627724966
GCF_055378475.1.fna,99.78,0.13,2080182,2075993,0.0
GCF_057073415.1.fna,99.99,0.66,2183819,2183819,0.0
GCF_058244605.1.fna,99.81,0.12,2256864,232840,0.999869990348816
GCF_058268935.1.fna,99.97,0.06,2251370,582028,0.9962100028991699
GCF_059724925.1.fna,100.0,1.13,3119355,3105908,0.0
GCF_059738675.1.fna,99.99,0.43,2345361,2345361,0.9912999868392944
GCF_060677085.1.fna,100.0,0.61,2486277,1361213,0.9996571540832521
GCF_060677105.1.fna,99.97,0.06,2442262,2350604,0.9997777938842773
GCF_060708265.1.fna,100.0,0.58,2501631,2501631,0.9997428570474897
GCF_060708705.1.fna,100.0,0.83,2391051,2391051,0.9994285787854876
GCF_060709595.1.fna,99.99,0.01,2378520,2371761,0.9993000030517578
GCF_060709645.1.fna,99.95,0.07,2504912,2496336,0.9967333277066549
GCF_060710085.1.fna,99.99,0.01,2380122,2373363,0.9993000030517578
GCF_060710525.1.fna,99.98,0.05,2405023,2405023,0.999833325544993
GCF_060710965.1.fna,99.98,0.05,2409874,2409874,0.9998222324583266
GCF_060711425.1.fna,99.98,0.05,2409835,2409835,0.9998333387904697
GCF_060711855.1.fna,99.95,0.06,2454699,2454699,0.9998111195034451
GCF_060712255.1.fna,99.96,0.06,2451642,2451642,0.9998444517453512
GCF_061325045.1.fna,100.0,1.0,2383382,2383382,0.999542874949319
GCF_061325335.1.fna,100.0,0.95,2363838,2363838,0.998000008719308
GCF_061325735.1.fna,100.0,0.63,2490128,2490128,0.9997428570474897
GCF_061325745.1.fna,100.0,0.62,2490127,2490127,0.9996857302529472
GCF_061326135.1.fna,100.0,0.63,2489154,2489154,0.9996000102588108
GCF_900104835.1.fna,99.82,1.86,2449019,527480,0.9999000004359654
GCA_001576865.1.fna,99.9,0.21,2105224,104216,0.9918642938137054
GCA_045689125.1.fna,99.97,0.23,2441245,2441245,0.9984999895095825
GCA_045689155.1.fna,99.88,0.01,2393385,2393385,1.0
GCA_045689175.1.fna,99.98,0.26,2441403,2441403,0.9989874884486198
GCA_045689185.1.fna,99.99,1.37,2832950,2832950,0.9999583264191946
GCA_045689195.1.fna,99.9,0.32,2339759,2339759,0.999785704272134
GCF_000007525.1.fna,99.97,0.03,2260266,2256640,1.0
GCF_000020425.1.fna,99.99,1.35,2832748,2832748,0.9999583264191946
GCF_000092765.1.fna,99.9,0.21,1944050,1944050,0.9998438190878107
GCF_000146775.1.fna,99.97,1.35,2645781,2431709,0.0
GCF_000154085.1.fna,99.99,0.79,2389110,604548,0.0
GCF_000158015.1.fna,99.93,0.13,2331386,1384428,0.9996000051498413
GCF_000166315.1.fna,99.98,0.07,2265943,2265943,0.9936000108718872
GCF_000173455.1.fna,99.96,0.3,2058429,204894,1.0
GCF_000196575.1.fna,99.96,0.03,2408831,2400312,0.9901999831199646
GCF_000224965.2.fna,99.88,0.22,1938583,1938583,0.9998022451829375
GCF_000414215.2.fna,99.9,0.22,1944036,1944036,0.9998471904336736
GCF_000568975.1.fna,99.99,0.07,2288919,2288919,0.9983000159263611
GCF_000569015.1.fna,100.0,0.24,2359009,2359009,0.0
GCF_000708005.1.fna,100.0,0.5,2328179,362431,0.0
GCF_000738005.1.fna,99.9,0.44,2362816,1716957,0.0
GCF_000741685.1.fna,100.0,0.35,2283768,488581,0.9996333519617716
GCF_000817995.1.fna,100.0,0.31,2173720,2173720,0.0
GCF_000818055.1.fna,99.88,0.22,1938624,1938624,0.9998191005728218
GCF_000825065.1.fna,99.99,1.32,2791569,101329,0.9998999883731207
GCF_001025175.1.fna,99.9,0.13,2269415,2269415,0.9998999953269958
GCF_001025215.1.fna,100.0,0.86,2313752,2313752,0.9997333288192749
GCF_001042635.1.fna,99.98,0.4,3158347,3158347,0.0
GCF_001263835.1.fna,99.95,0.46,1909917,262131,0.9999499917030334
GCF_001263855.1.fna,99.98,0.08,2487280,176662,0.9908000230789183
GCF_001263865.1.fna,99.98,0.37,2133776,267733,0.0
GCF_001264095.1.fna,99.99,0.1,2327206,210898,0.9901999831199646
GCF_001264155.1.fna,99.98,0.09,2206390,213292,0.9908000230789183
GCF_001281305.1.fna,99.98,0.49,2578115,2578115,0.0
GCF_001281345.1.fna,99.9,0.19,2210370,2210370,0.9925000071525574
GCF_001293145.1.fna,99.95,0.14,2455762,2453124,0.9985499978065491
GCF_001447975.1.fna,99.98,0.1,2235579,133967,0.9978500008583069
GCF_001685685.1.fna,99.86,0.18,2184434,157342,0.9919428655079433
GCF_001685725.1.fna,99.99,0.08,2249483,339427,0.9910500049591064
GCF_001685785.1.fna,99.99,0.05,2373802,165106,0.0
GCF_001685805.1.fna,99.99,0.11,2324995,334345,0.9908000230789183
GCF_001685825.1.fna,99.99,0.02,2335471,115445,0.0
GCF_001685865.1.fna,99.96,0.13,2387635,141495,0.0
GCF_001685885.1.fna,99.98,0.14,2287657,146502,0.0
GCF_001685905.1.fna,99.98,0.18,2470837,214317,0.0
GCF_001685985.1.fna,99.99,0.66,2300700,354251,0.9998000264167786
GCF_001686045.1.fna,99.99,0.9,2458506,248730,0.9998000264167786
GCF_001870755.1.fna,99.99,2.7,2640127,110118,0.0
GCF_001940535.1.fna,99.99,0.05,2329981,298022,0.9901000261306764
GCF_002108035.2.fna,100.0,0.53,2390400,2390400,0.0
GCF_002114145.1.fna,99.96,0.14,2219632,254356,0.9969333211580912
GCF_002276185.1.fna,99.98,0.09,2374227,167729,0.0
GCF_002838525.1.fna,99.94,0.13,2273173,2273173,0.9901999831199646
GCF_002838545.1.fna,99.98,0.09,2286339,2286339,0.9916000068187714
GCF_003094755.1.fna,99.92,0.14,2254218,237526,0.9998624920845032
GCF_003094795.1.fna,99.93,0.15,2226658,100937,0.9998749941587448
GCF_003094855.1.fna,100.0,0.09,2398181,407927,0.9999111029836867
GCF_003094935.1.fna,100.0,1.77,2448259,144459,0.999844431877136
GCF_003094975.1.fna,99.98,0.1,2237293,585360,0.9978249967098236
GCF_003094995.1.fna,99.97,1.08,2235932,399293,0.9908000230789183
GCF_003095095.1.fna,99.89,0.13,2260680,389505,0.9998999893665313
GCF_003130775.1.fna,99.97,0.32,2392556,217209,0.0
GCF_003573895.1.fna,99.72,0.15,2178894,2178894,0.9901333252588908
GCF_003606305.1.fna,99.84,0.15,1935423,1935423,0.9998382015174694
GCF_004125375.1.fna,99.96,0.08,2206088,347030,0.9981600046157837
GCF_004332655.1.fna,100.0,1.38,2438263,104146,0.9998999834060668
GCF_004332665.1.fna,99.9,1.2,2418752,71203,0.9901000261306764
GCF_004332725.1.fna,99.97,0.02,2418061,100597,0.0
GCF_004332765.1.fna,99.97,1.5,2384750,143881,0.9905999898910522
GCF_004332865.1.fna,99.99,1.5,2458942,107167,0.0
GCF_004332935.1.fna,99.97,1.26,2277568,89604,0.9948000013828278
GCF_004333045.1.fna,99.98,0.39,2571288,183522,0.0
GCF_004333125.1.fna,99.95,1.48,2264348,110605,0.9908000230789183
GCF_004333175.1.fna,99.98,0.07,2528934,110566,0.9986000061035156
GCF_004333275.1.fna,99.97,0.01,2284295,120386,0.9955999851226808
GCF_004333305.1.fna,99.98,0.02,2287718,100179,0.9908000230789183
GCF_004333335.1.fna,99.96,0.01,2367175,107420,0.0
GCF_004333375.1.fna,99.95,1.39,2394373,87768,0.9963250011205673
GCF_004333385.1.fna,99.95,1.15,2293826,99542,0.9905999898910522
GCF_004333425.1.fna,99.9,0.05,2265777,145462,0.9901999831199646
GCF_004333445.1.fna,99.94,0.01,2325915,90902,0.0
GCF_004333555.1.fna,99.98,1.23,2280366,119403,0.9905999898910522
GCF_004333575.1.fna,99.99,0.01,2286406,85849,0.9976000189781188
GCF_004333735.1.fna,99.92,1.46,2249978,362417,0.9961900055408478
GCF_004333795.1.fna,99.97,0.04,2346104,121134,0.0
GCF_004333855.1.fna,99.91,1.21,2308165,137131,0.9950000047683716
GCF_004333895.1.fna,99.97,1.37,2419042,85747,0.0
GCF_004333905.1.fna,99.93,0.26,2330414,187586,0.0
GCF_004333925.1.fna,99.99,1.72,2630290,55877,0.0
GCF_004333975.1.fna,99.91,1.31,2466212,88026,0.0
GCF_004334005.1.fna,99.99,0.09,2452447,71393,0.9948500096797943
GCF_004334165.1.fna,99.98,0.21,2410008,117272,0.9907499849796295
GCF_004334205.1.fna,99.92,1.22,2233880,203892,0.9901000261306764
GCF_004334245.1.fna,99.98,0.03,2295637,113023,0.9905999898910522
GCF_004334255.1.fna,99.34,0.42,2188617,56021,0.9907000064849854
GCF_004334325.1.fna,99.98,0.09,2364509,85850,0.0
GCF_004334465.1.fna,99.95,0.01,2371177,68950,0.9905999898910522
GCF_004334515.1.fna,99.9,0.04,2523697,86371,0.9998999834060668
GCF_004334545.1.fna,99.98,1.9,2634509,117094,0.0
GCF_004334555.1.fna,99.99,0.09,2365474,182659,0.9912999868392944
GCF_004334615.1.fna,99.98,1.43,2356733,113274,0.9905999898910522
GCF_004334695.1.fna,99.97,1.81,2384465,227578,1.0
GCF_004334705.1.fna,99.98,0.07,2349751,183950,0.9908000230789183
GCF_004334785.1.fna,99.98,1.74,2509605,113879,0.9900000095367432
GCF_004334795.1.fna,99.97,1.32,2447743,117852,0.9995000064373016
GCF_006538265.1.fna,99.89,0.21,1918142,1021733,0.9998370757263698
GCF_008086305.1.fna,99.95,0.05,2268110,2268110,0.99617999792099
GCF_009371875.1.fna,95.23,1.05,2738945,223814,1.0
GCF_009834975.1.fna,99.83,0.21,1917013,181349,0.999828088819311
GCF_010667645.1.fna,99.9,0.7,2615073,241328,0.0
GCF_013204895.1.fna,99.99,0.48,2568669,108808,0.9998999834060668
GCF_013267755.1.fna,99.98,0.06,2289549,2289549,0.9973000089327494
GCF_013393765.1.fna,99.96,0.32,2520995,2520995,0.9908999800682068
GCF_014334075.1.fna,99.96,0.05,2305513,2305513,0.9918999910354614
GCF_014898215.1.fna,99.98,1.18,2389025,2389025,0.9901999831199646
GCF_016648955.1.fna,99.99,0.19,2426298,729119,0.9998666644096375
GCF_016838685.1.fna,99.97,0.02,2433093,2433093,0.0
GCF_017291355.1.fna,100.0,0.1,2397219,229936,0.9998666511641608
GCF_017312665.1.fna,99.99,1.48,2379295,129110,0.9907000064849854
GCF_017312685.1.fna,99.99,1.32,2388394,118028,0.991100013256073
GCF_017357365.1.fna,99.97,1.33,2685668,2685668,0.9998999834060668
GCF_017743195.1.fna,99.88,0.31,2535489,2535489,0.0
GCF_017814645.1.fna,99.84,0.15,2204253,283252,0.9945857184273856
GCF_017815835.1.fna,100.0,0.14,2212477,2212477,0.9998999834060668
GCF_017963615.1.fna,99.78,0.21,1917453,143903,0.9997426900970802
GCF_018140675.1.fna,99.99,2.12,2770240,2770240,1.0
GCF_018408985.1.fna,99.86,0.3,2089853,2061480,0.9946943809477131
GCF_018409165.1.fna,99.92,0.04,2370304,1351428,0.9999199867248535
GCF_019576095.1.fna,99.82,0.22,1943538,1943538,0.9998280881495958
GCF_019660445.1.fna,99.99,1.64,2859213,1449447,0.999916652838389
GCF_020072545.1.fna,99.99,0.21,2408466,179102,0.9968000054359436
GCF_020526155.1.fna,100.0,0.55,2448742,399726,0.9998142889567784
GCF_020526225.1.fna,99.97,0.7,2414591,177503,0.9997000098228456
GCF_020526245.1.fna,99.99,0.41,2202109,1621566,0.9998999834060668
GCF_020526325.1.fna,99.99,0.59,2303544,354297,0.0
GCF_020526405.1.fna,100.0,0.66,2386524,361775,0.9908000230789183
GCF_020526465.1.fna,99.99,0.36,2121451,276361,1.0
GCF_020526505.1.fna,99.99,0.36,2120670,276397,1.0
GCF_020526525.1.fna,99.99,0.37,2263255,666702,0.9907000064849854
GCF_020526555.1.fna,99.99,0.33,2358745,263595,0.0
GCF_020526645.1.fna,99.99,0.49,2222395,1236062,0.9912999868392944
GCF_020541865.1.fna,100.0,0.8,2373495,2373495,0.999542874949319
GCF_020541885.1.fna,99.99,0.58,2245999,2241223,0.9902999997138976
GCF_020541925.1.fna,100.0,0.94,2556908,2556908,0.0
GCF_020908005.1.fna,99.9,0.15,2250442,311191,0.9998124986886978
GCF_023497865.1.fna,100.0,0.28,2492529,2492529,0.0
GCF_024341745.1.fna,99.8,0.15,2216167,67162,0.9998374953866005
GCF_024349265.1.fna,99.92,0.01,2342780,199715,0.999833345413208
GCF_026967535.1.fna,99.98,0.4,2571733,2571733,0.9994812421500683
GCF_028743295.1.fna,99.98,0.22,2089645,2089645,0.9998999933401743
GCF_029167605.1.fna,99.9,0.22,1944290,1944290,0.9998224692398243
GCF_029911385.1.fna,99.99,0.36,2296597,322300,0.0
GCF_029911415.1.fna,100.0,0.37,2515135,119934,0.9916333357493082
GCF_029911505.1.fna,99.99,0.18,2256707,414320,0.9907666643460592
GCF_029911515.1.fna,99.99,0.22,2333627,410017,0.9919333259264628
GCF_029983035.1.fna,99.99,0.48,2568131,89372,0.9998937360942364
GCF_029983055.1.fna,99.99,0.46,2570985,237875,0.9999562501907349
GCF_030284625.1.fna,99.88,0.21,1944223,1944223,0.9998415715239021
GCF_030369575.1.fna,99.97,0.03,2260365,2256739,0.9999499917030334
GCF_030414125.1.fna,100.0,0.09,2472971,164105,0.0
GCF_033344515.1.fna,99.99,0.07,2350081,180020,0.9997000098228456
GCF_033344535.1.fna,99.97,2.78,2586656,93088,0.9983304324357406
GCF_033344545.1.fna,99.99,0.06,2394640,149237,0.9967399954795837
GCF_033344605.1.fna,99.99,0.05,2341466,181903,0.9955000042915344
GCF_033391045.1.fna,99.99,0.21,2402006,179102,0.9968000054359436
GCF_033453085.1.fna,99.98,0.07,2378960,2378960,0.0
GCF_033657865.1.fna,99.82,1.22,2692014,89134,0.9998666842778524
GCF_033657905.1.fna,99.96,0.3,2432201,373576,0.9901000261306764
GCF_033658025.1.fna,99.99,0.67,2645579,164458,0.9999428476606097
GCF_033658105.1.fna,99.98,0.74,2592345,2383108,0.0
GCF_033658365.1.fna,99.97,0.18,2594024,219501,0.9990750104188919
GCF_033658425.1.fna,99.98,0.75,2536263,126425,0.9984173800634302
GCF_033658485.1.fna,99.96,0.05,2274618,219925,0.9999000032742819
GCF_033658605.1.fna,99.92,0.02,2295144,199217,0.9997333486874899
GCF_033658725.1.fna,99.98,0.75,2540154,164272,0.9985086917877197
GCF_033658745.1.fna,99.98,0.04,2315293,97031,0.9941333333651224
GCF_033658765.1.fna,99.99,0.23,2308765,454110,0.9998999834060668
GCF_033658985.1.fna,99.97,0.75,2536770,164272,0.9984304282976233
GCF_033659025.1.fna,100.0,0.65,2618972,1924469,0.0
GCF_033659085.1.fna,99.98,0.74,2535086,164272,0.9984304308891296
GCF_033659265.1.fna,99.99,0.68,2649699,160353,0.999914288520813
GCF_033659285.1.fna,99.97,0.8,2521396,105324,0.9985043639722078
GCF_033659425.1.fna,99.96,0.46,2518936,166864,1.0
GCF_033659465.1.fna,99.98,0.58,2496197,97221,0.9998999834060668
GCF_033659525.1.fna,99.98,0.75,2537878,146877,0.9983738997708196
GCF_033659565.1.fna,99.98,0.04,2316199,97031,0.9942999879519144
GCF_033659585.1.fna,99.98,1.51,2798442,290332,0.9926913069642108
GCF_033659625.1.fna,99.71,1.38,2281328,169198,0.9976999759674072
GCF_033659655.1.fna,99.98,0.75,2537093,162891,0.9984043344207432
GCF_033659685.1.fna,99.99,0.19,2375026,178504,0.9965666731198629
GCF_034051595.1.fna,99.96,0.18,2361455,2361455,0.9991499856114388
GCF_036814965.1.fna,100.0,0.24,2127130,1128230,0.9908000230789183
GCF_037966655.1.fna,99.88,0.24,1929688,66696,0.9997381942995479
GCF_037967005.1.fna,99.99,1.34,2751478,91089,0.0
GCF_039612515.1.fna,99.97,0.53,2284085,626817,0.0
GCF_040150935.1.fna,99.99,0.05,2380900,200796,0.0
GCF_040151095.1.fna,99.57,0.22,1894403,105777,0.9997831435685747
GCF_040883395.1.fna,99.98,0.07,2484372,230517,0.0
GCF_041357755.1.fna,100.0,0.7,2283965,527021,0.0
GCF_041447135.1.fna,99.63,0.28,2482090,2482090,0.9998500049114227
GCF_044866785.1.fna,99.9,0.21,1944145,1944145,0.9998438190878107
GCF_045273095.1.fna,99.85,0.0,2254710,2254710,0.9999499917030334
GCF_045273105.1.fna,99.83,1.69,1930903,1930903,0.9999250024557114
GCF_045287105.1.fna,99.98,0.69,2708279,2708279,1.0
GCF_045635495.1.fna,99.96,0.23,2263874,161019,0.9914143000330243
GCF_047716045.1.fna,99.84,0.24,1944127,1944127,0.9998292099224048
GCF_047716075.1.fna,99.9,0.22,1944188,1944188,0.9998112314202813
GCF_047716175.1.fna,99.84,0.15,1935358,1935358,0.9998471904336736
GCF_049191445.1.fna,100.0,0.29,2294397,1826680,0.0
GCF_049191865.1.fna,100.0,3.15,2619632,180493,0.9908000230789183
GCF_049191905.1.fna,99.99,0.26,2469839,95289,0.9902700126171112
GCF_049191915.1.fna,99.85,0.18,2141429,37167,0.990500032901764
GCF_049191975.1.fna,99.89,0.21,1916729,182109,0.9998123565416658
GCF_049192005.1.fna,99.86,0.22,1916941,111123,0.9998258412554023
GCF_049192085.1.fna,99.93,0.23,2209886,159087,0.9937999844551086
GCF_049204735.1.fna,99.99,0.35,2281912,586498,0.0
GCF_049204775.1.fna,99.83,0.11,2191378,327036,0.9912785802568708
GCF_049205175.1.fna,100.0,0.57,2688135,250040,1.0
GCF_049205195.1.fna,100.0,0.57,2688316,250040,1.0
GCF_049205255.1.fna,100.0,0.12,2380965,210848,0.9999333421389262
GCF_049205355.1.fna,99.98,0.09,2456017,80394,0.0
GCF_049205375.1.fna,99.98,0.3,2629996,101858,0.0
GCF_049309905.1.fna,100.0,0.56,2441525,226433,0.0
GCF_049309965.1.fna,99.99,0.04,2203548,401032,0.0
GCF_050585885.1.fna,100.0,0.36,2202420,1610592,0.0
GCF_050585985.1.fna,99.95,0.18,2065602,1618029,0.9902999997138976
GCF_050586145.1.fna,99.98,0.11,2086047,1682750,0.0
GCF_053708955.1.fna,99.99,0.41,2298297,2298297,0.0
GCF_053708995.1.fna,99.99,0.46,2633480,2633480,0.9914000034332277
GCF_054072915.1.fna,99.85,0.15,1935409,1935409,0.9998382035266148
GCF_054075105.1.fna,99.95,0.06,2257626,491436,0.9972666700681051
GCF_054111565.1.fna,99.98,0.19,2114023,137351,0.9983999729156494
GCF_054111605.1.fna,100.0,0.18,2186465,177584,0.9972000122070312
GCF_054130475.1.fna,99.96,0.02,2389412,2389412,0.9901999831199646
GCF_054604265.1.fna,99.9,0.21,1944146,1944146,0.999844942869765
GCF_055383495.1.fna,100.0,0.1,2419524,2419524,0.9999222159385681
GCF_055386685.1.fna,99.97,0.65,2674325,2674325,0.0
GCF_056916095.1.fna,99.94,0.23,2208031,554221,0.9918285736015865
GCF_056924395.1.fna,100.0,1.21,2415687,2415687,0.0
GCF_056935115.1.fna,99.92,0.21,2204405,506056,0.9908999800682068
GCF_058374135.1.fna,99.98,0.22,2060291,362312,0.9999333322048187
GCF_060677005.1.fna,99.99,0.33,2281543,2106396,0.9994333386421204
GCF_060709155.1.fna,99.95,0.06,2406782,2406782,0.9998999834060668
GCF_060710055.1.fna,99.92,0.08,2426441,2422820,0.9982333381970724
GCF_060710495.1.fna,99.95,0.06,2442396,2442396,0.9995555546548631
GCF_060804025.1.fna,98.96,0.35,2463024,2463024,0.9994999766349792
GCF_061325355.1.fna,100.0,0.99,2383219,2383219,0.9995571545192173
GCF_061326055.1.fna,99.99,0.42,2260049,1414107,0.0
GCF_900637145.1.fna,99.93,0.13,2275664,2275664,0.9998899936676026
GCF_902167885.1.fna,99.99,1.37,2832850,2832850,0.9999583264191946
GCA_041447155.1.fna,94.44,0.67,1935374,1935374,0.9995393311039785
GCA_045689145.1.fna,99.98,0.69,2708279,2708279,1.0
GCA_045689215.1.fna,99.96,0.08,2273727,2273727,0.9981400012969971
GCF_000003135.1.fna,99.99,0.37,2396359,323391,0.9907000064849854
GCF_000008945.1.fna,99.98,0.08,2389526,2375792,0.9901500046253204
GCF_000022705.1.fna,99.88,0.22,1938709,1938709,0.999797754743126
GCF_000164965.1.fna,99.88,0.12,2186882,2186882,0.9929500073194504
GCF_000173375.1.fna,99.88,0.03,2019802,497363,0.0
GCF_000173435.1.fna,99.98,0.43,2304808,570758,0.999666670958201
GCF_000219455.1.fna,99.95,0.08,2395764,2385301,0.9905999898910522
GCF_000220885.1.fna,99.88,0.22,1943113,1943113,0.9997516783435693
GCF_000240765.1.fna,99.9,0.24,1932595,1929725,0.9997157260273279
GCF_000261265.1.fna,99.99,0.27,2559217,90207,0.9998999834060668
GCF_000277325.1.fna,99.87,0.22,1938595,1938595,0.999812357881096
GCF_000277345.1.fna,99.88,0.22,1938822,1938822,0.9997943793789724
GCF_000478525.1.fna,99.93,0.32,2330229,423575,0.9998285600117275
GCF_000497735.1.fna,99.99,0.11,2372966,2372966,0.9913249909877777
GCF_000569055.1.fna,99.96,0.1,2331707,2331707,0.9906750172376632
GCF_000730205.1.fna,99.98,0.34,2480603,2480603,0.9998999834060668
GCF_000737885.1.fna,100.0,0.13,2203222,2203222,0.0
GCF_000741085.1.fna,99.86,0.19,2208468,1642032,0.9945428584303174
GCF_000741415.1.fna,100.0,0.62,2304613,545981,0.0
GCF_000772485.1.fna,99.93,0.04,2337521,2337521,0.9905666708946228
GCF_000800455.1.fna,99.98,0.6,2370978,2370978,0.0
GCF_000816205.1.fna,99.77,0.15,1946899,1946899,0.9996887646364362
GCF_000825085.1.fna,99.99,2.75,2821883,93689,0.9999749958515167
GCF_000825105.1.fna,99.99,1.32,2787528,109297,0.9998999883731207
GCF_000825125.1.fna,99.99,1.32,2791524,101948,0.999908318122228
GCF_000825145.1.fna,99.99,2.75,2786838,100267,0.9999666611353556
GCF_000829295.1.fna,99.96,0.02,2290145,2290145,0.991699993610382
GCF_001025135.1.fna,99.89,0.14,2211039,2211039,0.9945571380002158
GCF_001025155.1.fna,99.97,0.34,2021974,2021974,0.9998999834060668
GCF_001025195.1.fna,99.96,0.28,2079525,2079525,1.0
GCF_001042595.1.fna,99.98,0.61,2635669,2635669,0.9955500066280366
GCF_001042615.1.fna,99.99,0.19,2337234,2337234,0.0
GCF_001051015.2.fna,99.98,0.04,2467698,2467698,0.0
GCF_001263845.1.fna,99.95,0.09,2233807,269578,0.0
GCF_001263935.1.fna,99.99,0.34,2324012,156030,0.0
GCF_001264035.1.fna,99.99,0.07,2286838,319006,0.9908000230789183
GCF_001264045.1.fna,99.98,0.16,2436344,178833,0.9908000230789183
GCF_001264105.1.fna,99.98,0.17,2373106,377876,0.0
GCF_001264135.1.fna,100.0,0.41,2457448,475413,0.9984000027179718
GCF_001686005.1.fna,99.99,0.49,2182067,114968,0.9998999834060668
GCF_001686025.1.fna,99.99,0.57,2264683,84419,0.9998999834060668
GCF_001686065.1.fna,99.97,0.72,2453340,121816,0.9997000098228456
GCF_001686125.1.fna,99.97,2.38,2643621,131188,0.0
GCF_001686145.1.fna,99.93,0.11,2437471,71981,0.0
GCF_001686165.1.fna,99.98,0.05,2540238,113109,0.9901000261306764
GCF_001686205.1.fna,99.64,2.56,2483869,112159,0.9987666606903076
GCF_001686245.1.fna,99.97,1.03,2372714,92304,0.9907000064849854
GCF_001719085.1.fna,99.98,0.11,2264056,2264056,0.9978249967098236
GCF_001990225.1.fna,99.99,0.18,2403402,2403402,0.0
GCF_002027265.1.fna,99.99,0.17,2330408,216605,0.9998999834060668
GCF_002220485.1.fna,99.91,0.22,1944323,1944323,0.9997595401292436
GCF_002282915.1.fna,99.98,0.14,2008102,2008102,0.0
GCF_002813205.1.fna,99.98,0.39,2631485,2631485,0.0
GCF_002838245.1.fna,99.85,0.13,2269404,2269404,0.9999099910259247
GCF_002838605.1.fna,99.99,0.03,2289686,2289686,0.9911500066518784
GCF_002845845.1.fna,99.93,0.14,2243572,2243572,0.9998000040650368
GCF_002914815.1.fna,99.87,0.22,1917294,200925,0.9998022471920828
GCF_002914865.1.fna,99.89,0.13,2317196,176045,0.9998999834060668
GCF_002914895.1.fna,99.88,0.25,1916489,200848,0.9998247188128783
GCF_003094635.1.fna,100.0,0.09,2397171,446423,0.9999111029836867
GCF_003094835.1.fna,98.36,0.58,1934130,31950,0.9995561898424384
GCF_003094875.1.fna,99.88,0.22,1919293,439309,0.9998044887285554
GCF_003094895.1.fna,99.89,0.21,1920501,1021771,0.9998460659820042
GCF_003095015.1.fna,99.87,0.22,1918800,201007,0.9998190952151009
GCF_003095035.1.fna,99.73,0.14,2231875,31211,0.9997125118970871
GCF_003342655.1.fna,99.97,0.07,2311020,2311020,0.0
GCF_003428375.1.fna,99.9,0.21,1944141,1944141,0.9998438197575258
GCF_003790375.1.fna,99.97,1.42,2448844,224635,0.9922000169754028
GCF_003860285.1.fna,99.96,0.1,2313172,2313172,0.0
GCF_003970855.1.fna,99.59,0.26,1944384,94775,0.9997370698478785
GCF_003990235.1.fna,99.97,0.06,2321741,162253,0.9922000169754028
GCF_004135895.1.fna,99.83,0.16,1931632,1931632,0.9998224725883998
GCF_004332735.1.fna,99.99,0.06,2415027,73363,0.9901000261306764
GCF_004332835.1.fna,99.97,1.53,2326671,103002,0.9976000189781188
GCF_004332855.1.fna,99.88,0.03,2356818,73899,0.9901000261306764
GCF_004332945.1.fna,99.99,0.38,2628982,174996,0.991200029850006
GCF_004332965.1.fna,99.98,0.05,2518004,161397,0.9901999831199646
GCF_004333015.1.fna,99.95,1.27,2394210,102521,0.9901000261306764
GCF_004333035.1.fna,99.99,0.35,2347309,101464,0.9901000261306764
GCF_004333065.1.fna,99.89,0.04,2324808,128854,0.9950000047683716
GCF_004333105.1.fna,99.94,0.06,2303186,100861,0.9903500080108643
GCF_004333215.1.fna,99.99,0.31,2382717,74108,0.9908999800682068
GCF_004333235.1.fna,99.99,0.21,2563554,103390,0.9904000163078308
GCF_004333265.1.fna,99.96,1.62,2384970,104023,0.0
GCF_004333365.1.fna,99.88,0.95,2407868,100125,0.9971999973058701
GCF_004333455.1.fna,99.99,0.42,2486026,74000,0.991699993610382
GCF_004333465.1.fna,99.91,1.31,2313106,89775,0.0
GCF_004333475.1.fna,99.95,0.04,2299748,55659,0.0
GCF_004333535.1.fna,99.98,0.19,2428737,119614,0.0
GCF_004333565.1.fna,99.89,1.0,2456016,86574,0.9978750050067902
GCF_004333635.1.fna,99.96,1.38,2623861,99529,0.9976750165224075
GCF_004333645.1.fna,99.99,1.67,2512809,146060,0.0
GCF_004333675.1.fna,99.98,0.03,2320556,87304,0.9900000095367432
GCF_004333775.1.fna,99.97,1.23,2392045,87837,0.991200029850006
GCF_004333875.1.fna,100.0,1.41,2235753,73859,0.9901000261306764
GCF_004334035.1.fna,99.98,2.36,2543674,66885,0.991200029850006
GCF_004334105.1.fna,99.98,1.21,2366299,85495,0.9998999834060668
GCF_004334145.1.fna,99.98,1.44,2475567,95640,0.9986000061035156
GCF_004334155.1.fna,99.99,0.12,2411622,161805,0.0
GCF_004334235.1.fna,99.99,0.06,2437180,104148,0.9998999834060668
GCF_004334365.1.fna,99.98,1.7,2367010,118336,0.9908000230789183
GCF_004334425.1.fna,99.99,1.3,2425414,120049,0.99099999666214
GCF_004334435.1.fna,99.98,1.32,2304529,111255,0.9950000047683716
GCF_004334775.1.fna,99.99,0.17,2273526,483167,0.9901999831199646
GCF_004334815.1.fna,99.95,1.55,2506502,142768,0.9901999831199646
GCF_004334855.1.fna,99.96,1.39,2460426,124788,0.990500032901764
GCF_008041995.1.fna,99.9,0.22,1944145,1944145,0.9998213454578699
GCF_008868405.1.fna,99.93,0.13,2261339,389497,0.9998799920082092
GCF_008868445.1.fna,99.99,0.48,2573636,212284,0.9999624975025654
GCF_009728915.1.fna,99.99,0.11,2430682,2430682,0.9936000108718872
GCF_011029205.1.fna,99.95,0.19,2161794,212216,0.9914214270455497
GCF_013249165.1.fna,99.97,0.05,2251436,501317,0.9962100028991699
GCF_014779835.1.fna,99.94,0.28,2246954,106093,0.9905999898910522
GCF_015377505.1.fna,99.9,0.22,1944283,1944283,0.9998348288321763
GCF_016069975.1.fna,99.99,0.79,2218534,1127661,0.0
GCF_016069995.1.fna,99.95,0.13,2240429,209044,0.9908000230789183
GCF_016070035.1.fna,99.96,0.11,2267064,517354,0.9969333211580912
GCF_016307165.1.fna,99.88,0.14,2199865,1630832,0.994478566305978
GCF_016648895.1.fna,99.95,0.03,2287000,191322,0.9997666875521342
GCF_017312525.1.fna,99.99,1.36,2376223,196098,0.0
GCF_017312585.1.fna,99.99,1.22,2303257,194057,0.9908999800682068
GCF_017312605.1.fna,99.98,0.05,2386319,196638,0.9907499849796295
GCF_017743175.1.fna,99.99,0.07,2421525,2421525,0.9998999834060668
GCF_017894325.1.fna,99.94,0.17,2193720,2193720,0.9913500249385834
GCF_018408965.1.fna,99.95,0.43,2372186,419474,0.9999199867248535
GCF_018409015.1.fna,99.89,0.22,1972106,182342,0.9997516736555635
GCF_020525745.1.fna,100.0,0.55,2447262,219683,0.9998142889567784
GCF_020525765.1.fna,99.99,0.36,2132055,1684086,0.9907000064849854
GCF_020526145.1.fna,99.99,0.53,2174115,408789,0.0
GCF_020526185.1.fna,99.99,0.71,2492264,208819,0.0
GCF_020526265.1.fna,99.99,0.78,2429229,381108,0.9998000264167786
GCF_020526345.1.fna,99.99,0.52,2217929,308171,0.9901999831199646
GCF_020526365.1.fna,99.99,0.38,2240829,655756,0.9901999831199646
GCF_020526425.1.fna,100.0,0.4,2285559,675087,0.0
GCF_020526485.1.fna,100.0,0.36,2169714,378233,1.0
GCF_020526605.1.fna,99.99,0.49,2208478,539522,0.992799997329712
GCF_020526665.1.fna,99.99,1.06,2518056,1277180,0.9902999997138976
GCF_020541825.1.fna,99.99,0.55,2303552,2303552,0.9998999834060668
GCF_021484885.1.fna,100.0,0.47,2369863,2369863,0.0
GCF_023205835.1.fna,99.99,0.47,2604549,2604549,0.9999187476933002
GCF_023205855.1.fna,99.99,0.72,2758198,2758198,1.0
GCF_023208035.1.fna,99.99,0.47,2609031,2609031,0.9999124966561794
GCF_023208055.1.fna,99.99,0.47,2604570,2604570,0.9999187476933002
GCF_023208115.1.fna,99.99,0.47,2614802,2614802,0.9999312460422516
GCF_023208135.1.fna,99.99,0.47,2598286,2598286,0.9998937509953976
GCF_023375105.1.fna,99.85,0.15,1935434,1935434,0.999843820427241
GCF_023704215.1.fna,99.9,0.2,1944140,1944140,0.999812357881096
GCF_024125265.1.fna,99.89,0.03,2328141,2323237,0.9901999831199646
GCF_025506255.1.fna,99.9,0.64,1995553,1021769,0.999764036596491
GCF_026520375.1.fna,99.99,0.67,2373635,189209,0.9998999834060668
GCF_027664925.1.fna,100.0,0.17,2242707,251119,0.0
GCF_027696885.1.fna,99.98,0.21,2340912,257515,0.0
GCF_028201535.1.fna,99.98,0.01,2287838,2287838,0.0
GCF_028463865.1.fna,99.9,0.22,1944252,1944252,0.9998494373278671
GCF_028898865.1.fna,100.0,2.07,2477907,2477907,0.9999222159385681
GCF_029541965.1.fna,99.99,0.4,2296011,2296011,0.0
GCF_029855065.1.fna,100.0,0.08,2306390,2306390,0.0
GCF_029911315.1.fna,99.99,0.23,2025184,604992,0.0
GCF_029911565.1.fna,100.0,0.5,2340083,357486,0.0
GCF_030334805.1.fna,99.99,0.22,2570071,136116,0.9998999834060668
GCF_030414155.1.fna,99.99,0.25,2617103,146450,0.0
GCF_030441965.1.fna,99.93,0.29,2292381,657788,0.0
GCF_030450025.1.fna,99.97,0.1,2528511,2528511,0.990449994802475
GCF_030552855.1.fna,99.85,0.15,1935437,1935437,0.9998112334294266
GCF_032463605.1.fna,99.97,0.1,2314038,2314038,0.9981199979782105
GCF_033170275.1.fna,100.0,2.07,2478007,2478007,0.9999222159385681
GCF_033344575.1.fna,99.99,0.23,2483951,345318,0.9998999834060668
GCF_033344585.1.fna,99.98,0.21,2586960,219519,0.999625027179718
GCF_033657725.1.fna,99.99,0.06,2315118,234013,0.9999000032742819
GCF_033657745.1.fna,99.96,0.85,2522484,244739,0.0
GCF_033657925.1.fna,99.96,0.46,2518936,166864,1.0
GCF_033658055.1.fna,99.98,1.32,2783170,352488,0.9927347872568213
GCF_033658165.1.fna,99.98,0.75,2540267,165752,0.998513040335282
GCF_033658565.1.fna,99.95,0.05,2359497,166728,0.9900000095367432
GCF_033658805.1.fna,99.98,0.75,2540267,165752,0.998513040335282
GCF_033658865.1.fna,99.98,0.74,2535086,164272,0.9984304308891296
GCF_033658905.1.fna,99.92,0.55,2595901,233400,0.0
GCF_033658925.1.fna,99.97,0.73,2460906,96309,0.0
GCF_033658965.1.fna,99.92,0.04,2305330,418876,0.9999599933624268
GCF_033659005.1.fna,99.95,1.3,2711077,213180,0.9998666842778524
GCF_033659125.1.fna,99.99,0.21,2464635,344720,0.9998999834060668
GCF_033659145.1.fna,100.0,0.61,2733997,325830,1.0
GCF_033659235.1.fna,99.98,0.75,2540154,164272,0.9985086917877197
GCF_033659325.1.fna,99.92,0.02,2273847,212662,0.0
GCF_033659345.1.fna,99.93,0.04,2306591,1350830,0.9999599933624268
GCF_033659445.1.fna,99.95,0.04,2269521,190724,0.9998666644096375
GCF_033659505.1.fna,99.99,0.06,2315118,234013,0.9999000032742819
GCF_033659745.1.fna,99.99,0.68,2649699,160353,0.999914288520813
GCF_033659765.1.fna,99.98,0.75,2537124,164272,0.9985608665839486
GCF_033659825.1.fna,99.99,0.68,2657150,191974,0.999914288520813
GCF_033659845.1.fna,99.99,0.67,2645579,164458,0.9999428476606097
GCF_034050535.1.fna,99.96,0.23,2416592,2416592,0.9990124925971031
GCF_034052395.1.fna,99.96,0.18,2361455,2361455,0.9991499856114388
GCF_034052555.1.fna,99.98,0.28,2445297,2445297,0.9989999979734422
GCF_035282465.1.fna,99.88,0.22,1920258,106142,0.9997853884536229
GCF_036814365.1.fna,100.0,0.88,2314761,246171,0.9908000230789183
GCF_036872545.1.fna,99.99,0.12,2460420,2460420,0.0
GCF_036923305.1.fna,99.9,0.23,1944134,1944134,0.9996517072902636
GCF_036986915.1.fna,99.98,0.23,2276354,1147365,0.0
GCF_038086955.1.fna,99.9,0.22,1944141,1944141,0.999843820427241
GCF_039612605.1.fna,99.94,0.55,2260972,189250,0.9904749989509583
GCF_040150815.1.fna,99.96,0.14,2362228,279478,0.0
GCF_040151035.1.fna,100.0,0.06,2373677,210615,0.0
GCF_040151135.1.fna,100.0,0.49,2285862,648369,0.0
GCF_040151175.1.fna,99.78,0.25,1906416,94391,0.999812357881096
GCF_040267655.1.fna,99.99,0.12,2264238,2264238,0.9908000230789183
GCF_040425675.1.fna,99.88,0.22,1918904,1023022,0.9998280868101656
GCF_040711965.1.fna,99.8,0.0,2389232,2389232,0.9908999800682068
GCF_041080795.1.fna,99.21,0.67,2359920,2359920,0.0
GCF_045272295.1.fna,99.66,1.01,2268255,2268255,0.999869990348816
GCF_045287175.1.fna,99.88,0.01,2393385,2393385,1.0
GCF_047716065.1.fna,99.88,0.23,1944140,1944140,0.9998382001780393
GCF_047716085.1.fna,99.9,0.21,1944152,1944152,0.9998213441184397
GCF_049191355.1.fna,99.98,0.05,2234316,325537,0.9937500059604645
GCF_049191365.1.fna,99.96,0.08,2272010,248506,0.9942499995231628
GCF_049191485.1.fna,99.89,0.21,1917373,89928,0.9997561694530959
GCF_049191795.1.fna,99.85,0.21,1919546,182316,0.9997898809025797
GCF_049192025.1.fna,99.89,0.26,1917966,84505,0.9997494307796607
GCF_049192035.1.fna,99.88,0.31,1917687,114061,0.9997674025846331
GCF_049192055.1.fna,99.94,0.28,2210511,111074,0.9935333331425985
GCF_049204755.1.fna,99.96,0.14,2323504,291243,0.9908000230789183
GCF_049204795.1.fna,99.85,0.21,1919696,199941,0.9997674052634936
GCF_049204815.1.fna,99.84,0.15,1915915,201150,0.9997910026753887
GCF_049205105.1.fna,99.97,0.03,2295816,264585,0.0
GCF_049205315.1.fna,99.99,0.17,2340907,207544,0.9955500066280364
GCF_049205335.1.fna,100.0,0.62,2295322,94951,0.0
GCF_049205395.1.fna,99.91,1.03,2249871,40955,0.9998999834060668
GCF_049309885.1.fna,100.0,0.45,2381238,264878,0.0
GCF_049309925.1.fna,100.0,0.23,2230061,301069,0.0
GCF_049309985.1.fna,100.0,0.16,2148758,510615,0.0
GCF_050565525.1.fna,99.96,0.22,2260057,146093,0.9998999834060668
GCF_050585905.1.fna,99.96,0.38,2273427,1325986,0.0
GCF_050586005.1.fna,99.97,0.27,2102795,375511,0.9902999997138976
GCF_050586085.1.fna,99.96,0.29,2295891,690458,0.0
GCF_051906175.1.fna,99.93,0.36,2344880,119023,0.9998428566115243
GCF_053708835.1.fna,99.99,0.06,2441519,2441519,0.997000002861023
GCF_053708875.1.fna,99.91,0.2,2428193,2428193,0.0
GCF_053708915.1.fna,100.0,0.18,2285534,2285534,0.0
GCF_053709055.1.fna,99.93,0.13,2275544,2275544,0.9998999953269958
GCF_054075065.1.fna,99.96,0.05,2247020,501095,0.9961900055408478
GCF_054111665.1.fna,100.0,0.09,2218473,272991,0.0
GCF_058268915.1.fna,99.96,0.05,2249126,581896,0.9961700022220612
GCF_060677025.1.fna,100.0,0.99,2382782,2083315,0.9994857311248779
GCF_060708695.1.fna,100.0,0.83,2389748,2389748,0.9994857226099286
GCF_060711415.1.fna,99.98,0.05,2409878,2409878,0.9998222324583266
GCF_061325035.1.fna,100.0,1.0,2383301,2383301,0.9994714345250811
GCF_061334475.1.fna,100.0,0.64,2499080,2499080,0.999285706451961
GCA_001576895.1.fna,99.5,1.44,2131937,59130,0.9917714553219932
GCA_033567675.1.fna,98.58,0.12,2268931,2268931,0.9997900068759918
GCA_041447115.1.fna,91.83,0.25,2268864,2268864,0.9960500180721283
GCA_041447145.1.fna,94.57,0.65,1945151,1945151,0.999471908874726
GCA_045689165.1.fna,99.97,0.23,2441245,2441245,0.9984999895095825
GCF_000260715.1.fna,99.95,0.47,1932693,1932693,0.9999749958515167
GCF_000265095.1.fna,99.9,0.14,2223664,2223664,0.9925000071525574
GCF_000410595.1.fna,99.98,0.21,2424349,77347,0.9998749941587448
GCF_000471945.1.fna,99.53,1.1,1963012,1963012,0.9946404554870691
GCF_000569035.1.fna,99.97,0.05,2315904,2315904,0.9930749982595444
GCF_000771485.1.fna,99.86,0.22,2202787,166806,0.9946285741669791
GCF_000940535.1.fna,100.0,0.37,2254339,1743969,0.0
GCF_001020405.1.fna,99.81,0.28,2172992,267124,0.9909000098705292
GCF_001039715.1.fna,99.94,0.48,1925687,420827,0.9998749941587448
GCF_001281425.1.fna,99.99,0.19,2426006,2421115,0.9998666644096375
GCF_001685925.1.fna,99.98,0.16,2249921,131342,0.0
GCF_001685945.1.fna,99.97,0.07,2344657,126367,0.0
GCF_001870705.1.fna,100.0,0.21,2602875,135581,0.0
GCF_002075875.1.fna,99.95,0.15,2474386,201142,0.9974000155925751
GCF_002075945.1.fna,100.0,0.38,2197471,362921,0.0
GCF_002833115.1.fna,99.96,0.06,2364041,203985,0.9914666612943014
GCF_002838485.1.fna,99.99,0.29,2589602,2589602,0.9901999831199646
GCF_002838565.1.fna,99.98,0.12,2411276,2411276,0.0
GCF_003094775.1.fna,99.88,0.22,1920466,439277,0.9998426946361413
GCF_003094815.1.fna,99.84,0.16,1924949,439271,0.9998258405856872
GCF_004319685.1.fna,99.97,0.06,2274632,2274632,0.9973000089327494
GCF_004332625.1.fna,99.98,0.09,2454594,122702,0.0
GCF_004332635.1.fna,99.99,0.05,2464113,104146,0.9998999834060668
GCF_004332645.1.fna,99.98,0.02,2433724,105978,0.0
GCF_004332755.1.fna,99.98,0.18,2538754,111408,0.0
GCF_004333115.1.fna,99.89,1.4,2283822,152082,0.0
GCF_004333695.1.fna,99.97,0.01,2370638,100906,0.0
GCF_004333845.1.fna,99.95,1.39,2408845,90355,0.0
GCF_004334065.1.fna,99.99,0.11,2551732,120136,0.0
GCF_004334445.1.fna,99.98,0.43,2505832,82254,0.9905999898910522
GCF_004334485.1.fna,99.93,1.25,2397460,181644,0.0
GCF_009684555.1.fna,99.97,0.34,2445409,2445409,0.0
GCF_014334375.1.fna,99.96,0.05,2360935,2360935,0.0
GCF_017312505.1.fna,99.98,1.47,2359453,206828,0.9901999831199646
GCF_017312645.1.fna,99.99,1.48,2379733,196066,0.9910400211811066
GCF_020526195.1.fna,100.0,0.96,2256499,558241,0.9901999831199646
GCF_020526385.1.fna,99.96,0.55,2360838,327115,0.9901999831199646
GCF_026162505.1.fna,99.88,0.11,2236819,629573,0.9918000102043152
GCF_026242105.1.fna,99.98,0.11,2382293,363445,0.0
GCF_029911285.1.fna,99.99,0.3,2533375,484658,0.0
GCF_033657795.1.fna,99.99,0.1,2346649,238339,0.9951499998569489
GCF_033659065.1.fna,99.93,0.04,2306591,1350830,0.9999599933624268
GCF_033659385.1.fna,99.82,1.22,2692014,89134,0.9998666842778524
GCF_040150835.1.fna,99.77,0.22,1907802,181997,0.9998494366581521
GCF_041320305.1.fna,99.99,0.86,2610619,2610619,0.0
GCF_049191785.1.fna,99.84,0.0,2348472,111775,0.0
GCF_054072875.1.fna,99.81,0.13,2269438,2269438,0.9999099910259247
GCF_054111585.1.fna,99.99,0.09,2244923,108985,0.9983999729156494
GCF_054111625.1.fna,100.0,0.32,2240217,159206,0.0
GCF_054111645.1.fna,100.0,0.07,2204358,157262,0.9972000122070312
GCF_054901215.1.fna,99.96,0.08,2239167,2239167,0.9981799960136414
GCF_060709185.1.fna,99.67,0.07,2403346,2394830,0.9988666772842407
GCF_060710955.1.fna,99.98,0.05,2409439,2409439,0.9996889034907023
GCF_060711865.1.fna,99.97,0.06,2448377,2448377,0.9998555580774943
GCF_060803555.1.fna,100.0,0.4,2224553,2224553,0.0
